{"cameraMode":{"drawMode":0,"name":"Shaded","section":"Shading Mode"},"sceneLighting":false,"audioPlay":false,"sceneViewState":{"showFog":true,"showMaterialUpdate":false,"showSkybox":true,"showFlares":true,"showImageEffects":true,"showParticleSystems":true},"in2DMode":false,"pivot":{"x":-1.7082788944244385,"y":0.2731342315673828,"z":0.09031182527542114},"rotation":{"x":0.2595761716365814,"y":0.5202060341835022,"z":-0.16969355940818788,"w":0.7957449555397034},"size":3.1928794384002687,"orthographic":false}