{"cameraMode":{"drawMode":0,"name":"Shaded","section":"Shading Mode"},"sceneLighting":false,"audioPlay":false,"sceneViewState":{"showFog":true,"showMaterialUpdate":false,"showSkybox":true,"showFlares":true,"showImageEffects":true,"showParticleSystems":true},"in2DMode":false,"pivot":{"x":-2.924999952316284,"y":0.3779999911785126,"z":0.0},"rotation":{"x":0.054015643894672397,"y":-0.8572400212287903,"z":0.09191703796386719,"w":0.5037590861320496},"size":1.2544652223587037,"orthographic":false}