{"cameraMode":{"drawMode":0,"name":"Shaded","section":"Shading Mode"},"sceneLighting":false,"audioPlay":false,"sceneViewState":{"showFog":true,"showMaterialUpdate":false,"showSkybox":true,"showFlares":true,"showImageEffects":true,"showParticleSystems":true},"in2DMode":false,"pivot":{"x":-2.0798544883728029,"y":0.37800002098083498,"z":0.0},"rotation":{"x":0.2595761716365814,"y":0.5202060341835022,"z":-0.16969355940818788,"w":0.7957449555397034},"size":2.6669325828552248,"orthographic":false}