{"cameraMode":{"drawMode":0,"name":"Shaded","section":"Shading Mode"},"sceneLighting":true,"audioPlay":false,"sceneViewState":{"showFog":true,"showMaterialUpdate":false,"showSkybox":true,"showFlares":true,"showImageEffects":true,"showParticleSystems":true},"in2DMode":false,"pivot":{"x":1.0840318202972413,"y":0.7386718392372131,"z":-2.1369853019714357},"rotation":{"x":0.693832278251648,"y":0.0008659445447847247,"z":-0.0008327034302055836,"w":0.7201356291770935},"size":11.168540000915528,"orthographic":true}