{"cameraMode":{"drawMode":0,"name":"Shaded","section":"Shading Mode"},"sceneLighting":false,"audioPlay":false,"sceneViewState":{"showFog":true,"showMaterialUpdate":false,"showSkybox":true,"showFlares":true,"showImageEffects":true,"showParticleSystems":true},"in2DMode":false,"pivot":{"x":-2.9254302978515627,"y":0.2717444896697998,"z":0.8458126783370972},"rotation":{"x":0.7077386379241943,"y":-0.002329578623175621,"z":0.002335434081032872,"w":0.7064666748046875},"size":0.5485727787017822,"orthographic":true}