{"cameraMode":{"drawMode":0,"name":"Shaded","section":"Shading Mode"},"sceneLighting":false,"audioPlay":false,"sceneViewState":{"showFog":true,"showMaterialUpdate":false,"showSkybox":true,"showFlares":true,"showImageEffects":true,"showParticleSystems":true},"in2DMode":false,"pivot":{"x":-2.0798544883728029,"y":0.37800002098083498,"z":0.0},"rotation":{"x":0.7077386379241943,"y":-0.002329578623175621,"z":0.002335434081032872,"w":0.7064666748046875},"size":1.1669328212738038,"orthographic":true}